 ,courtship_duration(min),mate_duration(min),CI,court start time(min),mate start time(min),mate end time(min)
1,11.4576,9.08908,0.900953,0.0111222,12.7283,21.8174
2,0.14014,8.19152,0.884211,0.0305861,0.189078,8.38059
3,0.420976,5.11066,0.948622,0.0333667,0.477143,5.5878
5,2.42854,11.0777,0.589418,0.0328106,4.15304,15.2308
6,38.9556,0,0,0.00667333,0,0
7,42.379,0,0,0.00333667,0,0
9,0.227449,9.48169,0.822938,0.005005,0.281392,9.76309
10,34.723,0,0,0.0439328,0,0
11,0.000556111,0,0,0,0,0
